,Abdullahpur,Uttara,Airport,Khilkhet,Mirpur_12,Kuril_Bishwaroad,Matikata,Kalshi,Bashundhara,Mirpur_10,Mirpur_14,Baridhara,Kazipara,Mirpur_1,Badda,Shewrapara,Banani,Gabtoli,Technical_Morh,Agargaon,Kalyanpur,Gulshan_2,Nakhalpara,Gulshan_1,Mohammodpur,Jahangir_Gate,Mohakhali,Shyamoli,Asad_Gate,Rampura,Banashree,Hatirjheel,Bijoy_Sarani,Tejgaon,Kawran_Bazar,Malibagh,Farmgate,Manik_Mia_Ave,Dhanmondi_27,Satmasjid_Road,Panthapath,Khilgaon,Mouchak,Bangla_Motor,Moghbazar,Shantibag,Basabo,Shantinagar,Jhigatola,Shahbagh,Shahjahanpur,Kamlapur,Rajarbag,kolabagan,Science_Lab,Elephant_Road,TSC,Paltan,Fakirapul,Bijoynagar,Mugda,Kakrail,Azimpur,Motijheel,Press_Club,Doel_Chottor,Bakshi_Bazar,TT_Para,Chankharpul,Bongo_bazar,Gulistan,Wari,Bongshal,Demra,Sayedabad,Babubazar,Dholaipar,Jatrabari,Signboard,Dania,Postogola
Abdullahpur,0.0,2.446,4.366,6.887,9.992,10.102,13.187,11.838,9.099,12.443,13.857,10.962,14.415,16.09,11.887,15.137,13.801,22.028,17.995,21.951,17.131,16.351,18.85,16.924,23.515,16.273,15.688,20.522,20.539,15.023,15.026,21.641,19.099,19.57,18.981,20.859,19.807,19.792,19.282,20.788,19.165,20.471,21.732,19.072,19.93,20.008,22.193,22.397,22.318,20.919,20.988,20.99,21.035,21.712,21.702,21.837,21.441,22.447,23.47,21.734,23.042,22.523,23.668,23.481,23.285,23.06,23.293,23.16,22.967,23.245,23.829,28.611,24.363,34.061,25.951,25.278,28.9,30.866,29.117,29.12,32.224
Uttara,0.787,0.0,2.031,4.553,7.56,7.768,10.754,9.405,6.764,10.011,11.424,8.628,11.983,13.657,9.553,12.704,11.467,19.595,15.563,19.617,14.698,14.017,16.516,14.59,21.181,13.939,13.354,18.188,18.205,12.688,12.692,19.307,16.764,17.235,16.646,18.525,17.473,17.458,16.948,18.454,16.831,18.137,19.398,16.738,17.596,17.673,19.859,20.063,19.984,18.585,18.654,18.655,18.701,19.378,19.368,19.503,19.107,20.113,21.136,19.4,20.708,20.189,21.334,21.146,20.951,20.726,20.959,20.826,20.633,20.911,21.495,26.277,22.029,31.727,23.616,22.944,26.566,28.531,26.783,26.785,29.89
Airport,2.375,1.611,0.0,4.465,9.157,7.681,8.034,11.002,6.677,11.607,13.021,8.541,13.58,15.254,9.466,14.301,11.38,21.192,17.16,19.53,16.295,13.93,16.429,14.503,21.093,13.852,13.266,18.101,18.118,12.601,12.605,19.22,16.677,17.148,16.559,18.438,17.386,17.371,16.86,18.367,16.744,18.05,19.311,16.651,17.509,17.586,19.772,19.976,19.897,18.497,18.567,18.568,18.614,19.291,19.281,19.416,19.02,20.026,21.048,19.313,20.621,20.102,21.247,21.059,20.864,20.639,20.872,20.738,20.546,20.824,21.408,26.19,21.941,31.64,23.529,22.857,26.479,28.444,26.696,26.698,29.802
Khilkhet,4.831,4.066,2.533,0.0,11.612,8.643,12.668,13.457,7.639,14.063,16.851,9.503,17.92,19.594,10.428,15.857,12.342,26.204,22.214,20.492,22.402,14.892,17.391,15.465,22.056,14.814,14.229,19.063,19.08,13.563,13.567,20.182,17.639,18.11,17.522,19.4,18.348,18.333,17.823,19.329,17.706,19.012,20.273,17.613,18.471,18.549,20.734,20.938,20.859,19.46,19.529,19.531,19.576,20.253,20.243,20.378,19.982,20.988,22.011,20.275,21.583,21.064,22.209,22.021,21.826,21.601,21.834,21.701,21.508,21.786,22.37,27.152,22.904,32.602,24.492,23.819,27.441,29.406,27.658,27.661,30.765
Mirpur_12,8.45,7.677,6.763,10.266,0.0,9.705,3.268,1.919,8.275,2.525,3.938,11.571,4.497,6.171,11.473,5.218,9.006,12.109,8.077,7.45,7.212,11.63,12.604,12.15,10.169,9.124,10.967,9.057,9.074,13.891,13.895,13.974,8.332,9.847,9.65,13.192,9.041,10.233,10.123,11.629,12.161,14.395,14.361,12.903,13.854,13.931,16.117,15.026,13.159,12.318,14.912,14.913,14.959,13.517,13.507,13.236,12.84,14.642,14.868,14.917,16.966,13.922,15.067,14.879,14.684,14.459,14.692,17.092,14.366,14.644,15.228,20.01,15.762,25.46,17.349,16.677,20.299,22.264,20.516,20.518,23.623
Kuril_Bishwaroad,6.881,6.116,4.583,2.05,11.855,0.0,9.183,10.458,1.745,12.545,10.873,3.608,11.941,13.616,4.534,9.878,6.363,20.225,16.235,14.513,16.423,8.914,11.412,9.486,16.077,8.836,8.25,13.085,13.101,7.668,7.673,8.845,11.661,12.132,11.543,8.784,12.37,12.355,11.844,13.351,11.727,13.034,9.953,11.634,12.493,12.57,14.755,10.617,14.881,13.481,13.551,13.552,13.598,14.275,14.265,14.399,14.004,15.009,16.032,14.296,15.604,15.085,16.231,16.043,15.848,15.623,15.856,15.722,15.53,15.808,16.392,21.174,16.925,26.624,18.513,17.841,21.463,23.428,21.68,21.682,24.786
Matikata,11.352,10.578,9.944,7.411,2.936,6.85,0.0,1.591,5.42,3.678,3.467,7.284,4.025,5.7,9.183,4.747,6.737,11.638,7.605,6.979,6.74,9.288,12.132,9.861,9.698,8.653,8.624,8.586,8.602,11.602,11.606,13.502,7.861,9.375,9.179,12.721,8.57,9.762,9.651,11.158,11.69,13.923,13.89,12.431,13.383,13.46,15.645,14.554,12.688,11.846,14.441,14.442,14.487,13.046,13.036,12.764,12.369,14.17,14.397,14.446,16.494,13.45,14.596,14.408,14.213,13.988,14.221,16.62,13.895,14.173,14.757,19.539,15.29,24.989,16.878,16.206,19.828,21.793,20.045,20.047,23.151
Kalshi,11.107,10.334,11.293,8.76,2.692,8.199,1.349,0.0,6.769,2.752,2.541,10.174,3.099,4.774,10.075,3.821,7.609,10.712,6.679,6.053,5.815,10.233,11.206,10.753,8.772,7.727,9.569,7.66,7.676,12.494,12.498,12.576,6.935,8.45,8.253,11.795,7.644,8.836,8.726,10.232,10.764,12.998,12.964,11.505,12.457,12.534,14.72,13.629,11.762,10.92,13.515,13.516,13.562,12.12,12.11,11.838,11.443,13.245,13.471,13.52,15.568,12.524,13.67,13.482,13.287,13.062,13.295,15.695,12.969,13.247,13.831,18.613,14.364,24.063,15.952,15.28,18.902,20.867,19.119,19.121,22.225
Bashundhara,8.976,8.211,6.678,4.145,8.628,2.095,5.956,7.231,0.0,9.318,9.793,1.864,9.666,11.34,2.789,10.387,5.284,19.145,15.155,13.434,12.381,7.834,10.333,8.407,14.998,7.756,7.17,12.005,12.022,5.924,5.928,7.1,10.581,11.052,10.463,7.039,11.29,11.275,10.765,12.271,10.648,8.147,8.208,10.555,11.413,11.49,13.676,8.873,13.801,12.402,12.471,12.472,12.518,13.195,13.185,13.32,12.924,13.93,14.952,13.217,14.525,14.006,15.151,14.963,14.768,14.543,14.776,14.642,14.45,14.728,15.312,20.094,15.845,16.277,17.433,16.761,20.383,22.348,20.6,20.602,23.706
Mirpur_10,10.36,9.587,8.673,10.51,1.944,13.174,3.099,1.75,8.519,0.0,3.769,11.402,4.328,4.268,11.304,5.049,8.838,10.247,6.215,7.281,5.894,11.462,12.435,11.981,8.307,8.956,10.798,8.888,8.905,13.722,13.726,13.805,8.163,9.678,9.482,13.024,8.872,10.065,9.954,11.46,11.992,14.226,14.193,12.734,13.685,13.763,15.948,14.857,12.991,12.149,14.743,14.745,14.79,13.348,13.338,13.067,12.671,14.473,14.7,14.748,16.797,13.753,14.898,14.711,14.515,14.29,14.523,16.923,14.198,14.476,15.06,19.841,15.593,25.292,17.181,16.508,20.13,22.096,20.348,20.35,23.454
Mirpur_14,16.255,15.491,13.957,11.073,3.477,10.016,3.098,2.402,9.867,1.533,0.0,8.244,1.068,2.743,8.146,1.79,5.679,8.681,4.648,4.022,3.784,8.304,8.299,8.823,6.741,5.798,7.64,5.629,5.646,10.564,10.568,9.669,4.904,5.529,6.222,8.888,5.613,6.805,6.694,8.201,7.843,10.077,10.057,8.585,9.536,9.613,11.799,10.721,9.731,8.0,10.594,10.595,10.641,9.199,9.189,8.918,8.522,10.324,10.551,10.599,12.648,9.604,10.749,10.562,10.366,10.141,10.374,12.774,10.048,10.326,10.91,15.692,11.444,21.142,13.032,12.359,15.981,17.946,16.198,16.201,19.305
Baridhara,10.969,10.205,8.672,6.138,10.561,4.088,7.889,9.164,3.939,10.247,8.714,0.0,9.783,11.457,0.925,7.72,4.205,18.099,13.363,10.862,12.498,4.25,9.254,4.577,13.951,6.677,6.091,10.959,10.976,4.06,4.064,5.236,8.01,7.4,9.417,5.175,8.616,10.229,9.718,11.225,9.601,6.284,6.344,7.847,7.578,6.781,7.656,7.009,12.755,11.355,7.749,7.751,7.796,12.149,12.139,10.553,9.859,9.121,8.774,8.408,8.816,8.806,12.086,9.536,9.569,10.03,11.197,9.921,10.871,10.656,10.113,13.727,10.209,14.414,11.067,11.156,14.143,16.108,14.36,14.362,17.466
Kazipara,16.739,15.975,14.442,11.557,3.961,10.501,3.582,2.887,10.351,2.017,1.096,8.729,0.0,3.227,8.63,1.383,6.164,9.165,5.133,3.615,4.268,8.788,7.892,9.308,7.225,6.282,8.124,5.222,5.238,11.049,11.053,9.262,4.497,5.122,5.815,8.481,5.206,6.398,6.287,7.794,7.436,9.67,9.65,8.178,9.129,9.206,11.392,10.314,9.324,7.593,10.187,10.188,10.234,8.792,8.782,8.511,8.115,9.917,10.143,10.192,12.241,9.197,10.342,10.154,9.959,9.734,9.967,12.367,9.641,9.919,10.503,15.285,11.037,20.735,12.624,11.952,15.574,17.539,15.791,15.793,18.898
Mirpur_1,18.054,17.29,15.757,12.872,5.767,11.815,4.897,4.202,11.666,3.802,2.411,10.043,2.969,0.0,9.945,3.691,7.479,6.202,2.17,5.922,2.537,10.103,11.076,10.623,4.262,7.597,9.439,4.958,4.975,12.364,12.367,12.446,6.805,8.319,7.723,11.665,7.514,6.135,6.192,7.708,8.032,11.738,12.999,10.246,11.197,11.275,13.46,13.664,9.246,9.661,12.255,12.257,12.302,8.639,8.63,10.579,10.184,11.985,12.212,12.261,14.309,11.265,9.766,12.223,12.027,11.803,12.035,14.435,11.71,11.988,12.572,17.354,13.105,22.804,14.693,14.021,17.643,19.608,17.86,17.862,20.966
Badda,12.964,12.2,10.667,8.134,13.065,6.083,10.393,11.668,5.934,11.245,9.712,3.045,10.781,12.455,0.0,8.718,5.203,16.534,12.544,10.522,13.496,3.325,8.876,3.591,14.949,6.337,5.713,9.394,9.411,3.135,3.139,4.311,7.669,7.059,10.415,4.25,8.275,11.227,10.716,12.223,9.001,5.358,5.419,6.922,6.653,5.855,6.731,6.084,13.753,8.194,6.824,6.826,6.871,10.303,10.293,9.627,8.934,8.196,7.849,7.483,7.891,7.881,11.161,8.611,8.643,9.104,10.272,8.996,9.946,9.731,9.188,12.802,9.283,13.489,10.142,10.231,13.218,15.183,13.435,13.437,16.541
Shewrapara,15.023,14.258,12.725,9.84,5.07,8.784,4.691,3.996,8.635,3.126,2.204,7.012,1.109,4.336,6.913,0.0,4.447,10.274,6.242,2.531,5.377,7.071,6.809,7.663,8.334,4.733,6.262,4.138,4.155,10.495,10.499,8.179,3.414,4.039,4.732,7.397,4.122,5.315,5.204,6.711,6.353,8.587,8.567,7.095,8.046,8.123,10.309,9.231,8.241,6.51,9.104,9.105,9.151,7.709,7.699,7.428,7.032,8.834,9.06,9.109,11.158,8.114,9.259,9.071,8.876,8.651,8.884,11.284,8.558,8.836,9.42,14.202,9.954,19.652,11.541,10.869,14.491,16.456,14.708,14.71,17.814
Banani,12.342,11.577,10.044,7.487,9.515,6.103,6.843,8.118,5.954,6.267,4.734,4.331,5.802,7.477,4.232,3.739,0.0,13.415,9.382,6.715,8.518,2.608,5.107,3.521,8.79,2.53,1.945,5.587,5.604,5.272,5.276,5.652,3.863,3.253,5.805,5.09,4.469,5.796,6.107,7.613,5.567,6.075,6.259,6.309,5.535,5.612,7.797,6.923,9.143,5.724,6.593,6.594,6.639,6.923,6.913,6.642,6.246,8.048,8.275,8.323,8.646,7.328,8.473,8.286,8.09,7.865,8.098,10.498,7.772,8.05,8.634,13.416,9.168,18.866,10.756,10.083,13.705,15.67,13.922,13.925,17.029
Gabtoli,21.316,20.551,19.018,16.133,9.028,15.077,8.159,7.463,14.928,7.063,5.672,13.305,6.231,3.277,13.207,6.978,10.74,0.0,1.499,5.608,2.652,11.169,9.808,10.662,2.347,7.664,9.261,4.288,4.304,13.494,13.498,11.178,6.412,7.038,7.052,10.396,7.121,5.464,5.522,5.794,7.362,11.068,12.329,9.576,10.527,10.604,12.79,12.993,7.847,8.991,11.585,11.586,11.632,8.827,8.817,9.956,9.513,11.315,11.541,11.59,13.639,10.595,9.062,11.552,11.357,11.132,10.003,13.765,10.653,11.317,11.901,16.683,12.434,22.133,14.022,13.35,16.972,18.937,17.189,17.191,20.295
Technical_Morh,22.009,21.244,19.711,15.058,7.953,15.77,7.083,6.388,15.621,5.988,4.597,12.229,5.155,2.416,12.372,5.479,9.665,5.036,0.0,4.109,1.153,9.669,8.308,9.162,3.096,6.165,7.762,2.788,2.805,11.995,11.998,9.679,4.913,5.538,5.553,8.897,5.622,3.965,4.022,5.546,5.862,9.568,10.83,8.076,9.027,9.105,11.29,11.494,7.076,7.491,10.085,10.087,10.132,6.47,6.46,8.409,8.014,9.815,10.042,10.091,12.139,9.095,7.596,10.053,9.858,9.633,9.866,12.265,9.54,9.818,10.402,15.184,10.935,20.634,12.523,11.851,15.473,17.438,15.69,15.692,18.796
Agargaon,19.026,18.261,16.728,11.207,6.437,12.787,6.058,5.362,12.638,4.493,3.571,8.379,2.476,5.703,9.457,1.367,5.814,9.039,5.049,0.0,5.237,6.754,5.325,6.179,6.825,3.25,4.778,2.655,2.672,9.011,9.015,6.695,1.93,2.555,3.248,5.914,2.639,3.831,3.721,5.227,4.869,7.103,7.083,5.611,6.562,6.639,8.825,7.747,6.757,5.026,7.62,7.622,7.667,6.225,6.215,5.944,5.548,7.35,7.577,7.625,9.674,6.63,7.775,7.588,7.392,7.167,7.4,9.8,7.074,7.352,7.936,12.718,8.47,18.169,10.058,9.385,13.007,14.973,13.224,13.227,16.331
Kalyanpur,21.71,20.945,19.413,15.381,8.276,15.471,7.406,6.711,15.322,6.311,4.92,12.553,5.479,2.525,12.073,5.18,9.988,4.737,0.747,3.81,0.0,9.371,8.01,8.863,2.797,5.866,7.463,2.49,2.506,11.696,11.7,9.38,4.614,5.239,5.254,8.598,5.323,3.666,3.724,5.247,5.564,9.27,10.531,7.778,8.729,8.806,10.992,11.195,6.777,7.192,9.787,9.788,9.834,6.171,6.161,8.111,7.715,9.517,9.743,9.792,11.841,8.797,7.298,9.754,9.559,9.334,9.567,11.967,9.241,9.519,10.103,14.885,10.636,20.335,12.224,11.552,15.174,17.139,15.391,15.393,18.497
Gulshan_2,14.467,13.703,12.17,9.612,11.641,8.229,8.969,10.244,8.079,9.27,7.737,3.798,8.805,10.48,2.703,6.742,3.111,14.32,10.33,8.308,10.518,0.0,5.623,0.913,11.894,4.123,3.499,7.18,7.196,2.664,2.668,3.043,5.455,4.845,7.36,4.379,6.061,8.171,7.661,9.168,7.16,5.487,5.548,5.833,5.736,5.814,6.86,6.213,10.697,7.316,6.953,6.955,7.0,8.515,8.505,8.234,7.838,8.325,7.978,7.612,8.02,8.92,10.065,9.878,9.682,9.457,9.69,9.125,9.365,9.643,10.227,12.931,9.412,13.017,10.271,10.36,13.347,15.312,13.564,13.566,16.67
Nakhalpara,13.995,13.23,11.697,9.14,11.168,7.756,8.496,9.771,7.607,7.92,6.387,6.699,7.455,9.13,5.604,6.703,2.144,12.339,8.349,6.327,8.537,2.902,0.0,3.814,8.401,2.141,2.238,5.198,5.215,5.565,5.569,5.945,3.474,2.864,4.689,5.383,4.08,5.407,5.162,6.668,5.178,7.412,6.552,5.92,6.871,6.948,9.134,7.216,8.198,5.335,7.929,7.931,7.976,6.534,6.524,6.253,5.857,7.659,7.886,7.934,9.983,6.939,8.084,7.896,7.701,7.476,7.709,10.109,7.383,7.661,8.245,13.027,8.779,18.477,10.367,9.694,13.316,15.281,13.533,13.536,16.64
Gulshan_1,16.095,15.331,13.798,10.249,13.269,8.199,10.597,11.872,8.05,10.345,8.812,5.161,9.88,11.555,4.066,8.272,4.739,13.908,9.917,7.895,10.106,2.186,5.561,0.0,9.969,5.198,4.574,6.767,6.784,2.953,2.957,2.131,5.043,4.433,7.696,3.466,5.648,8.507,7.997,9.503,5.966,4.575,4.636,4.92,4.824,4.901,5.947,5.3,8.631,6.123,6.041,6.042,6.088,7.322,7.312,7.041,6.646,7.412,7.065,6.699,7.107,7.097,8.872,7.827,7.86,8.264,8.497,8.212,8.172,8.45,8.404,12.019,8.5,13.306,9.358,9.448,12.434,14.399,12.651,12.653,15.758
Mohammodpur,23.444,22.679,21.146,19.255,9.925,17.205,9.908,9.212,17.056,7.96,7.421,14.225,7.98,5.026,13.875,7.912,10.415,4.915,3.248,6.543,4.401,11.172,9.743,10.597,0.0,7.668,9.197,4.011,4.027,13.43,13.434,11.508,6.423,6.894,6.306,10.726,7.132,4.203,4.698,3.446,6.594,10.321,11.582,8.829,9.78,9.857,12.043,12.247,5.5,8.244,10.838,10.839,10.885,6.479,6.47,7.608,8.766,10.568,10.794,10.843,12.892,9.848,6.714,10.805,10.61,8.844,7.656,13.249,8.306,8.816,9.35,14.804,9.95,19.633,13.275,10.866,14.471,16.437,14.688,14.691,17.795
Jahangir_Gate,14.896,14.132,12.599,9.714,10.923,8.658,8.251,9.526,8.508,7.087,5.554,6.885,6.623,8.297,6.847,6.2,3.387,11.836,7.846,5.823,8.034,4.144,5.117,5.057,7.898,0.0,3.481,4.695,4.712,6.808,6.812,6.488,2.971,2.361,4.186,5.706,3.577,4.904,4.658,6.165,4.675,6.909,6.875,5.417,6.368,6.445,8.631,7.54,7.695,4.832,7.426,7.427,7.473,6.031,6.021,5.75,5.354,7.156,7.383,7.431,9.48,6.436,7.581,7.393,7.198,6.973,7.206,9.606,6.88,7.158,7.742,12.524,8.276,17.974,9.864,9.191,12.813,14.778,13.03,13.033,16.137
Mohakhali,16.863,16.098,14.565,12.674,11.889,10.624,9.217,10.492,10.475,8.999,7.108,6.839,6.982,9.296,5.745,5.873,2.865,11.508,7.518,5.496,7.707,3.623,3.162,1.674,7.57,2.807,0.0,4.368,4.385,4.632,4.636,3.926,2.643,2.033,4.818,3.145,3.249,4.576,5.119,6.625,4.335,4.131,4.314,2.733,3.59,3.667,5.853,4.978,8.155,4.492,4.648,4.649,4.695,5.691,5.681,5.41,5.014,6.107,5.17,5.394,6.702,6.096,7.241,7.053,6.858,6.633,6.866,6.819,6.54,6.818,7.402,10.713,7.936,17.634,8.053,8.851,12.473,14.438,12.69,12.692,15.796
Shyamoli,19.903,19.139,17.606,15.714,9.111,13.664,8.732,8.037,13.515,7.167,6.246,10.684,5.15,5.337,10.334,4.041,6.874,7.55,3.559,3.664,3.748,7.631,6.203,7.057,4.171,4.127,5.656,0.0,0.017,9.889,9.893,7.967,2.052,3.354,2.765,7.185,2.761,1.176,1.234,2.757,3.074,6.78,8.041,5.288,6.239,6.316,8.502,8.706,4.287,4.703,7.297,7.299,7.344,3.681,3.671,5.621,5.226,7.027,7.254,7.302,9.351,6.307,4.808,7.265,7.069,6.844,7.077,9.477,6.752,7.029,7.614,12.395,8.147,17.846,9.735,9.062,12.684,14.65,12.902,12.904,16.008
Asad_Gate,19.131,18.367,16.834,14.943,9.095,12.892,8.715,8.02,12.743,7.15,6.229,10.71,5.133,5.363,10.36,4.024,6.9,7.575,3.585,3.647,3.774,7.657,5.431,6.285,4.197,4.153,4.884,0.435,0.0,9.117,9.121,7.993,2.036,3.38,2.791,7.211,2.744,1.202,1.26,2.783,3.1,6.806,8.067,5.314,6.265,6.343,8.528,8.732,4.313,4.729,7.323,7.325,7.37,3.707,3.697,5.647,5.251,7.053,7.28,7.328,9.377,6.333,4.834,7.291,7.095,6.87,7.103,9.503,6.777,7.056,7.64,12.421,8.173,17.872,9.761,9.088,12.71,14.675,12.927,12.93,16.034
Rampura,15.025,14.26,12.727,10.194,15.126,8.144,12.454,13.729,7.995,11.865,10.332,5.106,10.194,13.075,4.011,9.086,6.533,14.721,10.731,8.709,10.919,3.705,6.375,2.663,12.129,6.02,4.148,7.58,7.597,0.0,0.004,1.176,5.856,5.246,7.595,1.115,6.462,8.407,7.896,9.403,5.866,2.223,2.284,3.787,3.518,2.72,3.596,2.949,8.477,5.059,3.689,3.691,3.736,7.168,7.159,6.492,5.799,5.061,4.714,4.348,4.756,4.746,8.026,5.476,5.508,5.97,7.137,5.861,6.811,6.596,6.053,9.667,6.148,10.354,7.007,7.096,10.083,12.048,10.3,10.302,13.406
Banashree,15.021,14.256,12.723,10.19,15.122,8.14,12.45,13.725,7.991,11.861,10.328,5.102,10.19,13.071,4.007,9.082,6.529,14.717,10.727,8.705,10.915,3.702,6.371,2.659,12.125,6.016,4.144,7.577,7.593,2.894,0.0,1.172,5.852,5.242,7.591,1.111,6.458,8.403,7.892,9.399,5.862,2.22,2.28,3.783,3.514,2.716,3.592,2.945,8.473,5.055,3.685,3.687,3.732,7.165,7.155,6.488,5.795,5.057,4.71,4.344,4.752,4.742,8.022,5.472,5.504,5.966,7.133,5.857,6.807,6.592,6.049,9.663,6.144,10.35,7.003,7.092,10.079,12.044,10.296,10.298,13.402
Hatirjheel,17.366,16.602,15.069,10.319,14.54,8.269,11.868,13.143,8.12,11.616,10.083,5.231,9.671,12.826,4.136,8.562,6.01,14.197,10.207,8.185,10.396,3.457,5.851,2.139,11.249,5.496,3.624,7.057,7.074,3.023,3.027,0.0,5.332,4.723,6.715,2.486,5.938,7.527,7.016,8.522,4.986,3.594,3.655,3.94,3.843,3.92,4.966,4.319,7.651,5.142,5.06,5.061,5.107,6.342,6.332,6.061,5.665,6.431,6.085,5.718,6.127,6.117,7.892,6.846,6.879,7.284,7.517,7.231,7.191,7.469,7.423,11.038,7.519,16.615,8.377,8.467,11.454,13.419,11.671,11.673,14.777
Bijoy_Sarani,17.193,16.429,14.896,13.004,8.378,10.954,7.999,7.304,10.805,6.434,5.513,7.974,4.417,6.731,7.624,3.308,4.164,8.944,4.954,2.931,5.142,4.921,3.493,4.346,5.006,1.417,2.946,1.803,1.82,7.179,7.183,4.863,0.0,0.723,1.318,4.082,0.709,2.011,1.791,3.297,3.1,5.333,5.25,3.841,4.792,4.87,7.055,5.915,4.827,3.256,5.85,5.852,5.897,4.221,4.211,4.174,3.779,5.58,5.807,5.856,7.904,4.86,6.006,5.818,5.622,5.398,5.63,8.03,5.305,5.583,6.167,10.948,6.7,16.399,8.288,7.615,11.238,13.203,11.455,11.457,14.561
Tejgaon,16.549,15.785,14.252,12.361,11.698,10.311,9.026,7.914,10.162,7.045,6.123,7.331,5.027,7.341,6.981,3.918,3.52,9.554,5.564,3.542,5.752,4.278,2.849,3.703,5.616,0.774,2.302,2.413,2.43,6.535,6.539,4.219,0.689,0.0,1.904,3.438,1.295,2.622,2.377,3.883,2.393,4.627,4.607,3.135,4.086,4.163,6.349,5.271,5.413,2.55,5.144,5.146,5.191,3.749,3.739,3.468,3.072,4.874,5.101,5.149,7.198,4.154,5.299,5.112,4.916,4.691,4.924,7.324,4.598,4.876,5.46,10.242,5.994,15.693,7.582,6.909,10.531,12.496,10.748,10.751,13.855
Kawran_Bazar,17.161,16.397,14.864,12.972,12.31,10.922,9.638,8.429,10.773,7.559,6.638,7.942,5.542,7.856,7.592,4.433,4.132,10.069,6.079,4.056,6.267,4.889,3.461,4.314,6.131,1.385,2.914,2.928,2.945,7.147,7.151,5.202,1.204,0.612,0.0,4.42,1.81,3.136,3.812,5.318,1.782,4.015,5.277,2.523,3.474,3.552,5.737,5.941,4.447,1.938,4.532,4.534,4.579,3.138,3.128,2.856,2.461,4.262,4.489,4.538,6.586,3.542,4.688,4.5,4.304,4.08,4.312,6.712,3.987,4.265,4.849,9.63,5.382,15.081,6.97,6.298,9.92,11.885,10.137,10.139,13.243
Malibagh,20.406,19.642,18.109,10.963,15.895,8.913,13.223,13.644,8.764,12.775,11.853,5.875,10.757,13.071,4.78,9.649,7.301,15.284,11.294,9.272,11.482,4.474,6.706,3.43,11.014,6.6,5.613,8.143,8.16,3.667,3.671,1.291,6.419,5.827,6.48,0.0,7.025,7.292,6.781,8.288,4.751,1.108,1.169,2.672,2.402,1.605,2.481,1.833,7.362,3.944,2.574,2.576,2.621,6.053,6.043,5.377,4.684,3.946,3.599,3.232,3.641,3.631,6.911,4.361,4.393,4.854,6.021,4.746,5.696,5.481,4.938,8.552,5.033,14.129,5.892,5.981,8.968,10.933,9.185,9.187,12.291
Farmgate,17.747,16.983,15.45,13.559,12.896,11.509,10.224,8.123,11.36,7.254,6.332,8.529,5.237,7.25,8.179,4.128,4.718,9.463,5.473,3.751,5.661,5.476,4.047,4.901,5.315,1.972,3.5,2.322,2.339,7.733,7.737,5.811,0.898,1.198,0.609,5.03,0.0,1.592,1.082,2.588,2.391,4.624,5.886,3.132,4.083,4.161,6.346,6.55,4.118,2.547,5.141,5.143,5.188,3.512,3.502,3.465,3.07,4.871,5.098,5.147,7.195,4.151,5.297,5.109,4.914,4.689,4.922,7.322,4.596,4.874,5.458,10.24,5.991,15.69,7.579,6.907,10.529,12.494,10.746,10.748,13.852
Manik_Mia_Ave,18.727,17.962,16.429,14.538,10.006,12.488,11.204,8.931,12.339,8.062,7.14,9.508,6.044,6.93,9.158,4.936,5.697,9.143,5.153,4.559,5.341,6.455,5.026,5.88,4.995,2.951,4.48,2.002,2.019,8.713,8.717,6.79,1.706,2.177,1.588,6.009,2.415,0.0,0.762,2.268,3.37,5.604,6.865,4.112,5.063,5.14,7.326,7.529,3.799,3.526,6.121,6.122,6.168,3.192,3.182,4.445,4.049,5.851,6.077,6.126,8.175,5.131,4.319,6.088,5.893,5.668,5.901,8.301,5.575,5.853,6.437,11.219,6.971,16.669,8.558,7.886,11.508,13.473,11.725,11.727,14.832
Dhanmondi_27,18.761,17.996,16.463,14.572,10.04,12.522,11.238,8.965,12.373,8.096,7.174,9.542,6.078,6.184,9.192,4.97,5.731,8.396,4.406,4.593,4.594,6.489,5.06,5.914,4.248,2.985,4.514,1.256,1.272,8.747,8.751,6.824,1.74,2.211,1.622,6.043,2.449,0.526,0.0,1.594,1.911,5.638,6.899,4.146,5.097,5.174,7.36,7.563,3.124,3.561,6.155,6.156,6.202,2.518,2.508,4.479,4.083,5.885,6.111,6.16,8.209,5.165,3.645,6.122,5.927,5.702,5.935,8.335,5.609,5.887,6.471,11.253,7.005,16.703,8.592,7.92,11.542,13.507,11.759,11.761,14.865
Satmasjid_Road,20.567,19.802,18.269,16.378,11.845,14.328,13.043,10.771,14.179,9.901,8.98,11.348,7.884,6.984,10.998,6.775,7.537,8.12,5.206,6.398,5.395,8.295,6.866,7.72,3.206,4.791,6.319,3.061,3.078,10.552,10.556,8.63,3.546,4.017,3.428,7.849,4.255,2.331,1.821,0.0,3.716,7.444,8.705,5.951,6.902,6.98,9.165,9.369,2.622,5.366,7.96,7.962,8.007,3.602,3.592,4.731,5.889,7.691,7.917,7.966,10.014,6.97,3.837,7.928,7.733,5.966,4.778,10.372,5.429,5.939,6.473,11.927,7.073,16.755,10.398,7.988,11.594,13.559,11.811,11.813,14.917
Panthapath,19.287,18.523,16.99,15.099,14.436,13.049,11.764,10.555,12.899,9.686,8.764,10.069,7.668,9.982,9.458,6.56,6.258,12.195,8.205,6.183,8.393,7.016,5.587,6.028,6.956,3.511,5.04,5.054,5.071,8.345,8.349,5.97,3.33,2.738,3.391,5.188,3.936,4.203,3.692,3.764,0.0,3.867,5.128,2.375,3.326,3.404,5.589,5.793,2.841,1.79,4.384,4.386,4.431,1.532,1.522,2.661,2.312,4.114,4.341,4.389,6.438,3.394,2.659,4.352,4.156,4.34,3.152,6.564,3.803,4.313,4.847,10.301,5.234,15.129,6.822,6.149,9.968,11.933,10.185,10.187,13.291
Khilgaon,19.938,19.174,17.641,15.749,17.057,13.699,14.385,13.176,13.55,12.307,11.385,7.293,10.289,12.604,6.198,9.181,7.068,14.816,10.826,8.804,11.014,5.893,6.238,4.848,10.546,6.133,5.145,7.676,7.692,5.085,5.089,2.709,5.951,5.359,6.012,1.928,6.557,6.824,6.313,7.82,4.283,0.0,1.56,2.204,1.935,1.137,1.645,2.224,6.22,3.476,2.098,2.1,2.145,4.911,4.901,4.924,4.231,3.569,3.146,2.856,2.796,3.178,6.458,3.984,3.94,4.401,5.569,3.849,5.243,5.028,4.484,7.125,4.656,13.752,5.515,5.604,8.591,10.556,8.808,8.81,11.914
Mouchak,20.657,19.893,18.36,16.469,17.527,14.419,14.855,13.646,14.27,12.777,11.855,9.322,10.759,13.073,8.227,9.651,7.787,15.286,11.296,9.274,11.484,7.922,6.957,6.878,11.016,6.603,5.864,8.146,8.162,7.114,7.118,4.739,6.421,5.829,6.482,3.957,7.027,7.294,6.783,8.29,4.753,2.75,0.0,3.293,2.664,2.242,2.61,0.664,6.193,4.061,1.405,1.407,1.452,4.884,4.874,4.208,3.515,2.777,2.43,2.063,3.459,2.462,5.742,3.191,3.224,3.685,4.852,3.577,4.527,4.312,3.768,7.383,3.864,12.96,4.723,4.812,7.799,9.764,8.016,8.018,11.122
Bangla_Motor,17.833,17.068,15.535,13.644,14.952,11.594,12.28,11.071,11.445,10.201,9.28,8.137,8.184,10.498,7.042,7.075,4.962,12.711,8.721,6.698,8.909,5.72,4.132,4.014,8.441,4.027,3.04,5.57,5.587,5.929,5.933,3.553,3.846,3.253,3.907,2.772,4.452,4.718,4.208,5.714,2.178,1.498,2.759,0.0,0.957,1.034,3.22,3.423,4.114,1.37,2.015,2.016,2.062,2.805,2.795,2.524,1.893,3.474,3.051,2.76,4.069,1.844,4.12,2.801,2.606,3.067,3.745,4.186,3.419,3.697,3.15,8.08,3.684,13.389,5.42,4.599,8.228,10.193,8.445,8.448,11.552
Moghbazar,18.863,18.099,16.566,14.675,15.982,12.624,13.31,12.101,12.475,11.232,10.31,7.118,9.214,11.529,6.023,8.106,5.993,13.741,9.751,7.729,9.94,6.75,5.163,5.045,9.471,5.058,4.07,6.601,6.617,4.91,4.914,2.534,4.876,4.284,4.937,1.753,5.482,5.749,5.238,6.745,3.208,0.541,1.74,1.129,0.0,0.077,2.186,2.404,5.145,2.401,1.057,1.059,1.104,3.836,3.826,3.884,3.19,2.528,2.105,1.815,3.111,2.137,5.417,2.943,2.9,3.361,4.528,3.229,4.202,3.987,3.444,7.135,3.616,12.711,4.474,4.564,7.55,9.515,7.767,7.769,10.873
Shantibag,19.285,18.521,16.988,15.097,16.404,13.046,13.732,12.523,12.897,11.654,10.732,7.084,9.636,11.95,5.989,8.528,6.415,14.163,10.173,8.151,10.361,5.684,5.585,4.64,9.893,5.479,4.492,7.022,7.039,4.876,4.88,2.501,5.298,4.706,5.359,1.719,5.904,6.171,5.66,7.167,3.63,0.507,1.706,1.551,0.422,0.0,2.152,2.371,5.567,2.823,1.479,1.481,1.526,4.258,4.248,4.305,3.612,2.95,2.527,2.237,3.303,2.559,5.839,3.365,3.321,3.783,4.95,3.651,4.624,4.409,3.866,7.556,4.037,13.133,4.896,4.985,7.972,9.937,8.189,8.191,11.295
Basabo,20.717,19.953,18.42,16.529,17.781,14.479,15.109,13.9,14.329,13.03,12.109,8.306,11.013,13.327,7.211,9.904,7.847,15.54,11.55,9.527,11.738,6.905,7.017,5.861,11.27,6.856,5.924,8.399,8.416,6.098,6.102,3.722,6.675,6.082,6.736,2.941,7.28,7.547,7.037,8.543,5.007,1.681,2.607,2.983,2.354,1.932,0.0,3.271,7.014,4.252,1.57,1.572,0.922,5.705,5.695,5.029,4.335,2.247,2.971,1.534,1.151,3.282,6.562,2.662,3.402,3.863,5.558,2.204,4.888,4.364,3.82,5.48,3.334,12.43,4.193,4.282,7.269,9.234,7.486,7.488,10.592
Shantinagar,19.993,19.229,17.695,15.804,16.863,13.754,14.191,12.982,13.605,12.112,11.191,8.658,10.095,12.409,7.563,8.986,7.123,14.622,10.632,8.609,10.82,7.257,6.293,6.213,10.352,5.938,5.2,7.481,7.498,6.45,6.454,4.074,5.757,5.165,5.817,3.293,6.362,6.629,6.119,7.625,4.089,2.085,3.28,2.629,2.0,1.578,3.316,0.0,5.529,3.397,2.066,2.067,2.109,4.22,4.21,3.544,2.85,1.538,1.765,1.814,4.164,1.797,5.077,2.755,2.56,3.021,4.188,3.989,3.862,3.647,3.104,7.133,3.615,12.71,4.473,4.562,7.549,7.656,7.766,7.768,10.872
Jhigatola,21.055,20.29,18.757,16.866,12.333,14.816,13.531,11.259,14.667,10.389,9.468,11.836,8.372,8.477,11.486,7.263,8.025,9.641,6.7,6.886,6.888,8.783,7.354,8.208,4.727,5.279,6.807,3.549,3.566,11.04,11.044,9.118,4.034,4.505,3.916,8.337,4.743,2.819,2.309,1.535,4.204,7.931,9.193,6.439,7.391,7.468,9.653,9.857,0.0,5.854,8.448,8.45,8.495,3.306,3.296,4.435,4.473,8.178,8.405,8.454,10.502,7.458,3.541,8.416,6.03,5.67,4.482,10.076,5.132,5.643,6.177,11.631,6.776,16.459,8.72,7.692,11.298,13.263,11.515,11.517,14.621
Shahbagh,19.397,18.632,17.099,15.208,14.546,13.158,11.874,10.665,13.009,9.795,8.873,9.539,7.778,10.092,8.444,6.669,6.367,12.305,8.314,6.292,8.503,7.125,5.696,5.394,8.034,3.621,4.403,5.164,5.181,7.331,7.335,4.956,3.439,2.847,3.5,4.174,4.045,4.312,3.801,5.308,1.771,2.966,4.161,1.619,2.616,2.459,4.367,4.826,3.2,0.0,2.947,2.949,3.16,1.891,1.881,1.216,0.523,2.324,2.551,2.6,5.215,1.604,2.749,2.562,2.366,2.142,2.374,4.774,2.049,2.327,2.911,7.692,3.444,13.143,5.032,4.359,7.981,9.947,8.199,8.201,11.305
Shahjahanpur,19.842,19.078,17.545,15.653,16.906,13.603,14.234,13.025,13.454,12.155,11.234,8.129,10.138,12.452,7.034,9.029,6.972,14.665,10.674,8.652,10.863,6.729,6.142,5.685,10.395,5.981,5.049,7.524,7.541,5.921,5.925,3.546,5.8,5.207,5.86,2.764,6.405,6.672,6.162,7.668,4.131,1.565,2.751,2.108,1.479,1.057,1.205,3.416,6.139,3.377,0.0,0.002,0.047,4.83,4.82,4.154,3.46,1.371,2.096,0.658,2.054,2.407,5.687,1.786,2.527,2.988,4.683,2.171,4.013,3.488,2.945,5.978,2.459,11.555,3.318,3.407,6.394,8.359,6.611,6.613,9.717
Kamlapur,19.841,19.076,17.543,15.652,16.904,13.602,14.232,13.023,13.453,12.153,11.232,8.128,10.136,12.45,7.033,9.028,6.97,14.663,10.673,8.651,10.861,6.727,6.14,5.683,10.393,5.979,5.048,7.522,7.539,5.92,5.924,3.544,5.798,5.206,5.859,2.763,6.404,6.671,6.16,7.667,4.13,1.563,2.75,2.107,1.478,1.056,1.203,3.414,6.137,3.376,0.694,0.0,0.045,4.828,4.818,4.152,3.459,1.37,2.094,0.657,2.052,2.406,5.686,1.785,2.525,2.986,4.681,2.17,4.012,3.487,2.943,5.977,2.458,11.553,3.316,3.405,6.392,8.357,6.609,6.611,9.716
Rajarbag,19.844,19.079,17.546,15.655,16.907,13.605,14.235,13.026,13.456,12.157,11.235,8.131,10.139,12.454,7.036,9.031,6.973,14.666,10.676,8.654,10.864,6.73,6.143,5.686,10.396,5.983,5.051,7.526,7.543,5.923,5.927,3.547,5.801,5.209,5.862,2.766,6.407,6.674,6.163,7.67,4.133,1.566,2.753,2.11,1.481,1.059,1.206,3.417,6.14,3.379,0.697,0.698,0.0,4.831,4.822,4.155,3.462,1.373,2.097,0.66,2.055,2.409,5.689,1.788,2.528,2.989,4.684,2.173,4.015,3.49,2.947,5.98,2.461,11.556,3.319,3.409,6.395,8.36,6.612,6.615,9.719
kolabagan,19.958,19.193,17.66,15.769,15.107,13.719,12.435,11.226,13.57,10.356,9.434,10.739,8.339,8.918,10.128,7.23,6.928,10.95,7.14,6.853,7.329,7.686,6.257,6.699,6.036,4.182,5.711,3.99,4.007,9.015,9.02,6.64,4.001,3.408,4.061,5.858,4.606,3.26,2.75,2.844,1.886,4.958,6.219,3.466,4.417,4.495,6.68,6.884,1.309,2.881,5.475,5.477,5.522,0.0,0.929,2.067,2.105,4.646,4.872,4.921,7.529,3.926,2.119,4.062,4.107,3.747,2.559,8.153,3.209,3.72,4.254,9.708,4.854,14.536,6.797,5.769,9.375,11.34,9.592,9.594,12.698
Science_Lab,19.484,18.719,17.186,15.295,14.633,13.245,11.961,10.752,13.096,9.882,8.961,10.265,7.865,8.444,9.655,6.756,6.455,10.96,6.667,6.379,6.855,7.212,5.784,6.225,6.046,3.708,5.237,3.516,3.533,8.542,8.546,6.166,3.527,2.934,3.587,5.385,4.133,2.786,2.276,2.854,1.412,4.484,5.745,2.992,3.943,4.021,6.206,6.41,1.319,2.407,5.001,5.003,5.048,0.01,0.0,1.594,1.632,4.172,4.399,4.447,7.055,3.452,1.592,3.588,3.633,3.273,2.085,7.679,2.736,3.246,3.78,9.234,4.38,14.062,6.324,5.295,8.901,10.866,9.118,9.12,12.224
Elephant_Road,19.641,18.876,17.343,15.452,14.79,13.402,12.118,10.909,13.253,10.039,9.117,9.857,8.022,10.336,8.762,6.913,6.611,12.548,8.558,6.536,8.747,7.369,5.94,5.638,8.278,3.865,4.647,5.408,5.425,7.649,7.653,5.274,3.683,3.091,3.744,4.492,4.289,4.556,4.045,5.552,2.015,3.401,4.479,1.909,2.86,2.777,4.684,5.144,2.716,1.324,3.265,3.267,3.478,1.407,1.398,0.0,0.038,2.642,2.869,2.917,5.533,1.922,2.265,1.995,1.799,1.657,1.89,6.275,1.564,1.842,2.376,7.83,2.975,12.658,4.465,3.891,7.497,9.462,7.714,7.716,10.82
TSC,20.446,19.681,18.148,16.257,15.595,14.207,12.923,11.714,14.058,10.844,9.923,10.662,8.827,11.141,9.568,7.718,7.417,13.354,9.364,7.341,9.552,8.174,6.746,6.443,9.084,4.67,5.453,6.213,6.23,8.455,8.459,6.079,4.489,3.897,4.55,5.297,5.095,5.361,4.851,6.357,2.821,4.206,5.284,2.714,3.665,3.583,5.645,5.949,3.866,2.129,4.071,4.072,4.439,2.557,2.547,1.537,0.0,3.447,3.674,3.817,6.494,2.727,2.227,2.737,1.979,1.619,1.852,6.237,1.526,1.804,2.338,7.792,2.938,12.62,4.882,3.853,7.459,9.424,7.676,7.678,10.782
Paltan,19.962,19.198,17.665,15.773,17.542,13.723,14.87,13.661,13.574,12.791,11.87,8.627,10.774,13.088,7.532,9.665,7.092,15.301,11.31,9.288,11.499,7.226,6.262,6.182,11.031,6.617,5.169,8.16,8.177,6.419,6.423,4.043,6.436,5.843,6.497,3.262,7.041,7.308,6.798,8.304,4.768,2.054,3.249,2.598,1.969,1.547,2.54,3.913,6.208,4.076,1.981,1.983,1.333,4.899,4.889,4.223,3.529,0.0,0.724,0.773,3.389,2.476,5.756,1.901,2.641,3.102,4.797,2.947,4.128,3.603,3.059,6.092,2.573,11.669,3.432,3.521,6.508,6.615,6.725,6.727,9.831
Fakirapul,20.334,19.57,18.037,16.146,16.818,14.095,14.146,12.937,13.946,12.067,11.146,9.174,10.05,12.364,8.079,8.941,7.464,14.577,10.586,8.564,10.775,7.774,6.634,6.73,10.306,5.893,5.541,7.436,7.453,6.967,6.971,4.591,5.712,5.119,5.772,3.809,6.317,6.584,6.074,7.58,4.043,2.602,3.796,2.606,2.516,2.095,2.186,4.461,5.484,3.352,1.628,1.629,0.98,4.175,4.165,3.499,2.805,0.717,0.0,0.358,3.035,1.752,5.032,1.498,2.515,2.976,4.143,2.594,3.725,3.2,2.657,5.69,2.171,11.266,3.029,3.119,6.105,6.212,6.322,6.325,9.429
Bijoynagar,20.331,19.566,18.034,16.142,16.814,14.092,14.142,12.933,13.943,12.064,11.142,9.171,10.046,12.361,8.076,8.938,7.46,14.573,10.583,8.561,10.771,7.771,6.63,6.727,10.303,5.889,5.538,7.433,7.449,6.963,6.967,4.588,5.708,5.116,5.769,3.806,6.314,6.581,6.07,7.577,4.04,2.599,3.793,2.603,2.513,2.091,2.183,4.458,5.48,3.348,1.624,1.626,0.976,4.171,4.161,3.495,2.802,0.713,1.437,0.0,3.032,1.749,5.029,1.495,2.511,2.972,4.139,2.591,3.722,3.197,2.653,5.686,2.167,11.263,3.026,3.115,6.102,6.209,6.319,6.321,9.425
Mugda,22.547,21.782,20.249,18.358,19.61,16.308,16.938,15.729,16.159,14.86,13.938,10.135,12.842,15.156,9.04,11.734,9.676,17.369,13.379,11.357,13.567,8.735,8.846,7.691,13.099,8.685,7.754,10.229,10.245,7.927,7.931,5.552,8.504,7.912,8.565,4.77,9.11,9.377,8.866,10.373,6.836,3.51,4.436,4.812,4.184,3.762,2.182,5.101,8.843,6.082,3.4,3.401,2.751,7.534,7.524,6.858,6.165,4.076,4.8,3.363,0.0,5.112,8.509,4.491,5.231,6.357,7.012,1.064,6.343,5.817,5.269,4.34,4.784,9.919,3.497,5.335,4.758,4.865,4.975,4.977,8.081
Kakrail,19.605,18.84,17.307,15.416,15.805,13.366,13.133,11.924,13.217,11.054,10.132,9.193,9.037,11.351,8.098,7.928,7.626,13.563,9.573,7.551,9.762,8.384,5.904,6.653,9.293,4.88,4.811,6.423,6.44,6.986,6.989,4.61,4.698,4.106,4.759,3.828,5.304,5.571,5.06,6.567,3.03,2.621,3.815,1.876,2.535,2.114,3.866,4.48,3.731,2.338,3.308,3.309,2.66,2.422,2.413,1.746,1.053,2.752,1.833,2.038,4.715,0.0,3.28,0.958,0.762,1.224,2.391,4.274,2.065,1.85,1.307,6.088,1.84,11.546,3.428,2.755,6.384,8.35,6.601,6.604,9.708
Azimpur,20.75,19.985,18.453,16.561,15.899,14.511,13.227,12.018,14.362,11.148,10.227,11.149,9.131,9.261,10.054,8.022,7.721,11.777,7.484,7.645,7.672,8.478,7.05,6.747,6.863,4.974,5.757,4.333,4.35,8.942,8.945,6.566,4.793,4.2,4.854,5.784,5.399,3.603,3.093,3.671,2.229,4.51,5.771,3.018,3.969,4.047,6.158,6.436,2.136,2.433,5.027,5.029,4.951,0.827,0.817,1.514,1.739,5.043,4.739,4.33,7.007,3.582,0.0,3.249,2.491,2.131,0.944,6.537,1.594,2.104,2.638,8.092,3.238,12.92,5.182,4.153,7.759,9.724,7.976,7.978,11.082
Motijheel,21.61,20.846,19.313,17.422,17.794,15.371,15.122,13.913,15.222,13.043,12.121,9.784,11.026,13.34,8.69,9.917,8.74,15.552,11.562,9.54,11.751,8.384,7.91,7.34,11.282,6.869,6.817,8.412,8.429,7.577,7.581,5.201,6.688,6.095,6.748,4.42,7.293,7.56,7.05,8.556,5.019,3.333,4.407,3.876,3.247,2.825,2.909,5.071,5.72,4.327,2.35,2.352,1.702,4.412,4.402,3.735,3.042,1.794,1.601,1.081,3.758,1.349,4.687,0.0,1.818,2.279,3.974,3.317,3.305,2.78,2.237,5.27,1.751,10.846,2.609,2.699,5.685,5.792,5.902,5.905,9.009
Press_Club,20.227,19.462,17.929,16.038,16.419,13.988,13.747,12.538,13.839,11.669,10.747,9.815,9.651,11.966,8.721,8.543,8.241,14.178,10.188,8.166,10.376,8.999,6.526,7.268,9.908,5.495,5.434,7.038,7.054,7.608,7.612,5.232,5.313,4.721,5.374,4.45,5.919,6.186,5.675,7.182,3.645,3.243,4.438,2.498,3.158,2.736,3.682,5.102,4.346,2.953,3.124,3.125,2.476,3.037,3.027,2.361,1.668,2.568,2.263,1.855,4.531,1.508,3.447,0.774,0.0,1.039,2.207,4.09,1.881,1.666,1.123,5.904,1.656,11.361,3.244,2.571,6.2,8.165,6.417,6.42,9.524
Doel_Chottor,20.571,19.806,18.273,16.382,16.763,14.332,14.091,12.882,14.183,12.013,11.091,10.159,9.995,12.31,9.065,8.887,8.585,14.522,10.532,8.51,10.72,9.343,6.87,7.612,10.252,5.839,5.778,7.382,7.399,7.952,7.956,5.576,5.657,5.065,5.718,4.795,6.263,6.53,6.019,7.526,3.989,3.587,4.782,2.842,3.502,3.08,4.026,5.446,4.69,3.297,3.468,3.47,2.82,3.381,3.371,2.705,2.012,2.912,2.607,2.199,4.875,1.852,2.831,1.118,0.36,0.0,1.59,5.19,1.264,0.757,0.972,6.745,2.0,11.573,3.588,2.915,6.412,8.377,6.629,6.631,9.735
Bakshi_Bazar,21.796,21.031,19.498,17.607,16.945,15.557,14.273,13.064,15.408,12.194,11.272,11.808,10.177,10.198,10.713,9.068,8.766,12.558,8.421,8.691,8.609,9.524,8.095,7.793,7.644,6.02,6.802,5.27,5.287,9.6,9.604,7.225,5.838,5.246,5.899,6.443,6.444,4.54,4.03,4.452,4.17,5.236,6.43,4.064,5.015,4.728,5.675,7.095,2.917,3.479,5.117,5.118,4.468,1.764,1.754,2.451,2.233,4.56,4.256,3.847,6.524,3.501,1.434,2.766,2.008,1.649,0.0,6.054,1.111,1.621,2.155,7.609,2.755,12.437,4.699,3.67,7.276,9.241,7.493,7.495,10.6
TT_Para,22.52,21.755,20.222,18.331,19.583,16.281,16.911,15.702,16.132,14.832,13.911,10.807,12.815,15.129,9.712,11.707,9.649,17.342,13.352,11.33,13.54,9.406,8.819,8.362,13.072,8.658,7.726,10.201,10.218,8.599,8.603,6.223,8.477,7.885,8.538,5.442,9.083,9.35,8.839,10.399,6.809,4.422,5.349,4.785,4.157,3.735,3.094,6.013,8.864,6.055,3.373,3.374,2.724,7.775,7.765,7.235,5.091,3.677,4.401,2.964,2.061,4.713,7.445,3.127,3.867,5.293,5.947,0.0,5.278,4.753,4.205,3.276,3.719,8.855,2.433,4.271,3.693,3.801,3.911,3.913,7.017
Chankharpul,21.135,20.37,18.837,16.946,16.283,14.896,13.611,12.402,14.747,11.533,10.611,11.147,9.515,11.83,10.052,8.407,8.105,14.042,10.052,8.03,10.241,8.863,7.434,7.132,9.772,5.359,6.141,6.902,6.918,8.939,8.943,6.563,5.177,4.585,5.238,5.782,5.783,6.05,5.539,5.161,3.509,4.574,5.769,3.403,4.354,4.067,5.014,6.433,3.626,2.817,4.455,4.457,3.807,2.473,2.463,2.225,1.572,3.899,3.595,3.186,6.409,2.84,2.143,2.105,1.347,0.987,0.71,4.984,0.0,0.551,1.084,6.538,1.684,11.367,3.628,2.6,6.205,8.171,6.423,6.425,9.529
Bongo_bazar,21.406,20.641,19.108,17.217,16.555,15.167,13.883,12.674,15.018,11.804,10.883,10.789,9.787,12.101,9.694,8.678,8.377,14.314,10.323,8.301,10.512,9.134,7.705,7.403,10.044,5.63,6.412,7.173,7.19,8.581,8.585,6.206,5.449,4.856,5.51,5.424,6.054,6.321,5.811,5.661,3.781,4.216,5.411,3.674,4.625,3.709,4.656,6.076,4.126,3.089,4.098,4.099,3.45,3.037,3.027,2.497,1.844,3.541,3.666,2.828,5.907,2.482,2.707,1.747,0.974,0.555,1.209,4.481,0.54,0.0,0.582,6.036,1.182,10.864,3.126,2.097,5.703,7.668,5.92,5.922,9.026
Gulistan,21.934,21.17,19.637,17.746,17.083,15.695,14.411,13.202,15.546,12.332,11.411,11.318,10.315,12.629,10.223,9.207,8.905,14.842,10.852,8.83,11.04,9.663,8.234,7.932,10.572,6.158,6.941,7.702,7.718,9.11,9.114,6.734,5.977,5.385,6.038,5.952,6.583,6.85,6.339,6.189,4.309,4.745,5.94,4.202,5.154,4.238,5.184,6.604,4.655,3.617,4.626,4.628,3.978,3.566,3.556,3.025,2.372,4.07,4.194,3.357,6.435,3.01,3.235,2.276,1.502,1.083,1.738,5.009,1.069,0.543,0.0,6.564,1.71,11.393,3.654,2.626,6.231,8.197,6.449,6.451,9.555
Wari,22.868,22.104,20.571,18.68,18.017,16.629,15.345,14.136,16.48,13.266,12.345,12.251,11.249,13.563,11.156,10.14,9.839,15.776,11.786,9.764,11.974,10.597,9.168,8.866,11.506,7.092,7.875,8.635,8.652,10.044,10.048,7.668,6.911,6.319,6.972,6.886,7.517,7.784,7.273,7.123,5.243,5.679,6.873,5.136,6.087,5.171,6.118,7.538,5.589,4.551,5.56,5.561,4.912,4.499,4.489,3.959,3.306,5.003,5.128,4.29,7.369,3.944,4.169,3.21,2.436,2.017,2.672,5.943,2.002,1.477,2.044,0.0,2.644,12.326,4.588,3.559,7.165,9.13,7.382,7.385,10.489
Bongshal,21.384,20.619,19.086,17.195,17.576,15.145,14.904,13.695,14.996,12.826,11.904,10.13,10.808,13.123,9.036,9.7,9.398,15.335,11.345,9.323,11.533,10.156,7.683,7.686,11.065,6.652,6.59,8.195,8.211,7.923,7.927,5.547,6.47,5.878,6.531,4.766,7.076,7.343,6.832,8.339,4.802,3.558,4.753,3.655,3.472,3.051,3.85,5.417,5.187,4.11,3.292,3.293,2.644,4.098,4.088,3.518,2.825,2.735,2.431,2.022,4.699,2.665,3.768,0.942,1.157,1.616,2.27,3.506,1.601,1.076,0.532,5.061,0.0,9.889,1.989,0.974,4.728,4.835,4.945,4.947,8.051
Demra,32.282,31.517,29.984,33.986,27.43,31.935,24.758,23.549,31.769,22.68,21.758,15.136,20.663,22.977,14.041,19.554,19.252,25.189,21.199,19.177,21.387,13.735,18.581,12.692,20.919,16.506,17.288,18.049,18.066,12.928,12.932,11.541,16.324,15.732,16.385,11.481,16.93,17.197,16.686,16.537,14.656,13.294,14.489,13.299,13.209,12.787,11.642,15.154,15.002,13.964,13.028,13.03,12.38,13.913,13.903,13.372,12.719,12.472,12.168,11.759,10.609,11.915,13.583,10.678,11.849,11.431,12.085,9.183,11.416,10.891,10.343,9.413,9.857,0.0,8.871,9.914,8.444,7.38,6.069,6.071,11.767
Sayedabad,22.453,21.689,20.156,18.265,18.806,16.214,16.134,14.925,16.065,14.055,13.134,11.422,12.038,14.352,10.327,10.929,9.583,16.565,12.575,10.552,12.763,10.022,8.753,8.978,12.295,7.881,7.66,9.424,9.441,9.214,9.218,6.839,7.7,7.107,7.761,6.057,8.306,8.572,8.062,9.568,6.032,4.97,6.044,5.514,4.885,4.463,4.546,6.709,6.424,5.34,3.988,3.99,3.34,5.424,5.414,4.748,4.054,3.432,3.594,2.719,4.223,3.342,5.004,2.104,2.48,2.852,3.507,2.797,2.837,2.312,1.769,3.597,1.276,9.181,0.0,1.446,3.912,4.019,4.236,4.239,7.236
Babubazar,22.078,21.313,19.78,17.889,18.27,15.839,15.598,14.389,15.69,13.52,12.598,11.5,11.502,13.816,10.405,10.394,10.092,16.029,12.039,10.017,12.227,10.85,8.377,9.056,11.759,7.346,7.285,8.889,8.905,9.292,9.296,6.917,7.164,6.572,7.225,6.135,7.77,8.037,7.526,9.033,5.496,4.928,6.122,4.349,4.842,4.42,5.22,6.787,6.303,4.804,4.662,4.663,4.013,5.15,5.14,4.212,3.519,4.105,3.801,3.392,6.069,3.359,5.112,2.311,1.851,2.31,3.386,4.255,2.717,1.77,1.226,4.484,0.987,9.846,1.541,0.0,4.234,4.341,4.887,4.889,7.752
Dholaipar,25.437,24.673,23.14,21.249,20.586,19.198,17.914,16.705,19.049,15.835,14.914,13.023,13.818,16.132,11.928,12.71,12.408,18.345,14.355,12.333,14.543,13.166,11.737,11.434,14.075,9.661,10.444,11.204,11.221,10.815,10.819,8.439,9.48,8.888,9.541,7.658,10.086,10.352,9.842,9.693,7.812,6.45,7.645,6.454,6.365,5.943,4.63,8.309,8.158,7.12,6.184,6.186,5.536,7.068,7.059,6.528,5.875,5.628,5.323,4.915,3.597,5.071,6.738,3.834,5.005,4.586,5.241,2.171,4.572,4.046,3.498,2.569,3.013,9.463,2.883,3.928,0.0,4.409,4.519,4.521,7.625
Jatrabari,25.975,25.21,23.677,21.786,21.123,19.736,18.451,17.242,19.587,16.373,15.451,13.56,14.355,16.67,12.465,13.247,12.945,18.882,14.892,12.87,15.081,13.703,12.274,11.972,14.612,10.199,10.981,11.742,11.759,11.352,11.356,8.977,10.017,9.425,10.078,8.195,10.623,10.89,10.379,10.23,8.349,6.987,8.182,6.992,6.902,6.48,5.335,8.847,8.695,7.657,6.721,6.723,6.073,7.606,7.596,7.065,6.412,6.165,5.861,5.452,4.302,5.609,7.276,4.371,5.542,5.124,5.778,2.876,5.109,4.584,4.036,3.106,3.55,7.451,2.564,3.607,2.104,0.0,2.446,2.448,5.428
Signboard,27.283,26.519,24.986,23.095,22.432,21.044,19.76,18.551,20.895,17.681,16.76,14.869,15.664,17.978,13.774,14.555,14.254,20.191,16.201,14.178,16.389,15.011,13.583,13.28,15.921,11.507,12.29,13.05,13.067,12.661,12.665,10.285,11.326,10.734,11.387,9.504,11.932,12.198,11.688,11.538,9.658,8.296,9.491,8.3,8.211,7.789,6.476,10.155,10.004,8.966,8.03,8.031,7.382,8.914,8.904,8.374,7.721,7.474,7.169,6.761,5.443,6.917,8.584,5.68,6.851,6.432,7.087,4.017,6.417,5.892,5.344,4.415,4.859,8.762,3.876,4.919,3.416,1.312,0.0,0.002,6.739
Dania,27.281,26.516,24.983,23.092,22.43,21.042,19.758,18.549,20.893,17.679,16.758,14.866,15.662,17.976,13.771,14.553,14.252,20.189,16.198,14.176,16.387,15.009,13.58,13.278,15.919,11.505,12.287,13.048,13.065,12.659,12.662,10.283,11.324,10.731,11.384,9.501,11.929,12.196,11.686,11.536,9.655,8.294,9.488,8.298,8.208,7.787,6.474,10.153,10.001,8.964,8.028,8.029,7.38,8.912,8.902,8.371,7.719,7.471,7.167,6.758,5.441,6.915,8.582,5.677,6.848,6.43,7.084,4.015,6.415,5.89,5.342,4.413,4.856,8.76,3.873,4.917,3.413,1.309,0.002,0.0,6.737
Postogola,28.179,27.414,25.881,23.99,23.328,21.94,20.656,19.447,21.791,18.577,17.656,15.764,16.56,18.874,14.669,15.451,15.149,21.087,17.096,15.074,17.285,15.907,14.478,14.176,16.817,12.403,13.185,13.946,13.963,13.557,13.56,11.181,12.222,11.629,12.282,10.399,12.827,13.094,12.584,12.434,10.553,9.192,10.386,9.196,9.106,8.684,7.372,11.051,10.899,9.862,8.926,8.927,8.278,9.81,9.8,9.27,8.617,8.369,8.065,7.656,6.338,7.813,9.48,6.575,7.747,7.328,7.982,4.913,7.313,6.788,6.24,5.311,5.754,9.67,4.345,5.388,2.742,2.978,4.711,4.713,0.0
